지역,유형,시작날짜,종료날짜,시작요일,종료요일,시작시간,종료시간,행사제목,행사내용,장소,대상,기관,연락처,
인천,축제,2025-04-18,2025-04-20,금,일,10:00,22:00,인천 봄꽃 축제,"인천의 대표 봄꽃 축제로, 다양한 꽃 전시와 문화 공연이 진행됩니다.",인천대공원,전연령,인천광역시청,032-440-1234,
인천,공연,2025-05-05,,월,,14:00,16:00,어린이날 특별 공연,어린이날을 맞아 가족 단위 관람객을 위한 특별 공연이 열립니다.,인천문화예술회관,가족,인천문화재단,032-760-4567,
인천,행사,2025-06-15,2025-06-17,일,화,9:00,18:00,인천 전통문화 체험 행사,"전통 공예, 음식, 놀이 등 다양한 전통문화를 체험할 수 있는 행사입니다.",송도 센트럴파크,전연령,인천관광공사,032-899-7890,
인천,축제,2025-04-05,,,토,,13:00,20:30,자유공원 벚꽃축제,인천의 대표 벚꽃 명소인 자유공원에서 하루 동안 진행되는 벚꽃 축제입니다. 다양한 공연과 체험 프로그램이 마련되어 있습니다.,자유공원,전연령,인천광역시청,
인천,축제,2025-04-09,2025-04-15,수,화,10:00,18:00,드림파크 벚꽃축제,"드림파크 야생화단지에서 열리는 벚꽃 축제로, 다양한 체험 프로그램과 공연이 진행됩니다.",드림파크 야생화단지,전연령,인천광역시청,032-440-5678,
인천,축제,2025-04-12,,,토,,10:00,17:00,인천 사이언스 페스티벌,"과학의 달을 맞아 인천아트플랫폼에서 개최되는 과학 축제로, 다양한 체험 부스와 공연이 마련되어 있습니다.",인천아트플랫폼,전연령,인천광역시청,
인천,축제,2025-05-17,2025-05-18,토,일,12:00,23:00,그린캠프페스티벌 2025,"송도달빛축제공원에서 열리는 뮤직 페스티벌로, 다양한 아티스트의 공연과 캠핑을 함께 즐길 수 있습니다.",송도달빛축제공원,전연령,인천관광공사,032-899-7890,
인천,공연,2025-05-05,,,월,,14:00,16:00,어린이날 특별 공연,어린이날을 맞아 가족 단위 관람객을 위한 특별 공연이 열립니다.,인천문화예술회관,가족,인천문화재단,
지역,유형,시작날짜,종료날짜,시작요일,종료요일,시작시간,종료시간,행사제목,행사내용,장소,대상,기관,연락처,
인천,축제,2025-04-20,2025-04-27,일,일,10,18,제16회 인천 벚꽃 축제,"벚꽃이 만개한 인천 월미공원에서 열리는 봄 축제로, 다양한 공연과 체험 프로그램 진행",월미공원,전체,인천광역시,032-440-5114,
인천,전시,2025-04-15,2025-05-20,화,화,9,18,인천 미술 특별전,지역 예술가들의 작품을 한자리에서 감상할 수 있는 특별전시회,인천문화예술회관,전체,인천문화재단,032-866-0333,
인천,공연,2025-04-25,2025-04-26,금,토,19,21,인천 시립 교향악단 봄 콘서트,"클래식 음악의 향연, 봄을 테마로 한 다양한 클래식 명곡 연주",인천아트센터,전체,인천문화재단,032-453-7700,
인천,교육,2025-04-18,2025-06-27,금,금,14,16,인천 시민 역사 강좌,인천의 역사와 문화에 대해 배우는 10주 과정의 시민 강좌,인천시립박물관,성인,인천시립박물관,032-440-6750,
인천,축제,2025-05-01,2025-05-05,목,월,10,22,인천 어린이 페스티벌,"어린이날을 맞아 진행되는 대규모 축제, 다양한 체험부스와 공연 프로그램 운영",송도 센트럴파크,전체,인천광역시 연수구,032-749-7800,
인천,공연,2025-05-10,,토,,19,21,인천 국제 재즈 페스티벌,국내외 유명 재즈 뮤지션들이 참여하는 음악 축제,인천 펜타포트 락 페스티벌 공원,전체,인천문화재단,032-453-7700,
인천,마켓,2025-05-11,2025-05-25,일,일,11,18,인천 수공예 플리마켓,지역 수공예 작가들의 작품을 만나볼 수 있는 플리마켓,송도 트리플스트리트,전체,인천관광공사,032-899-7300,
인천,전시,2025-05-15,2025-07-15,목,화,10,18,인천 해양 역사 특별전,인천의 해양 역사와 문화를 조명하는 특별 전시회,인천항 제1부두 홍보관,전체,인천항만공사,032-890-8000,
인천,축제,2025-05-18,2025-05-19,일,월,14,21,인천 청년 문화 축제,인천 청년들의 문화 교류 및 네트워킹을 위한 축제,인천글로벌캠퍼스,청년,인천경제자유구역청,032-453-7111,
인천,체험,2025-05-24,2025-05-25,토,일,10,17,인천 가족 생태 체험 프로그램,가족이 함께 참여하는 생태 체험 프로그램,인천대공원,가족,인천 서구청,032-560-4000,
인천,공연,2025-06-01,,일,,17,19,인천 시민 합창단 정기공연,인천 시민 합창단의 상반기 정기 공연,인천문화예술회관,전체,인천문화재단,032-866-0333,
인천,축제,2025-06-07,2025-06-08,토,일,11,20,인천 맥주 페스티벌,다양한 국내외 맥주를 맛볼 수 있는 축제,송도 달빛축제공원,성인,인천관광공사,032-899-7300,
인천,전시,2025-06-10,2025-07-10,화,목,9,18,인천 현대미술 전시회,국내외 현대 미술가들의 작품을 한자리에서 만나볼 수 있는 전시회,인천아트플랫폼,전체,인천문화재단,032-760-1000,
인천,공연,2025-06-15,,일,,19,21,인천 재즈 나이트,여름밤 즐기는 재즈 음악 공연,부평아트센터,전체,인천 부평구,032-500-2000,
인천,마켓,2025-06-20,2025-06-22,금,일,14,20,인천 로컬 푸드 페어,인천 지역 특산물과 로컬 푸드를 만나볼 수 있는 행사,인천 송도컨벤시아,전체,인천경제자유구역청,032-453-7111,
인천,교육,2025-06-22,,일,,10,12,인천 역사 투어,인천의 주요 역사 유적지를 전문 해설사와 함께 돌아보는 프로그램,개항장 일대,전체,인천 중구청,032-760-7114,
인천,축제,2025-06-28,2025-06-29,토,일,16,22,인천 밤바다 축제,밤바다를 배경으로 즐기는 음악과 빛의 축제,월미도 문화의 거리,전체,인천광역시,032-440-5114,
인천,공연,2025-07-01,2025-07-31,화,목,19,21,인천 여름 음악회,"7월 한 달간 매주 화, 목요일에 열리는 야외 음악회",인천시청 앞 광장,전체,인천광역시,032-440-5114,
인천,체험,2025-07-05,2025-07-06,토,일,9,17,인천 갯벌 체험 행사,인천 갯벌의 생태계를 배우고 체험하는 프로그램,영종도 마시란 해변,전체,인천 중구청,032-760-7114,
인천,축제,2025-07-12,2025-07-14,토,월,10,22,인천 물놀이 페스티벌,여름을 맞아 진행되는 대규모 수상 레저 축제,송도 센트럴파크,전체,인천광역시 연수구,032-749-7800,
인천,전시,2025-05-20,2025-07-20,화,일,10,18,인천 도시재생 사진전,인천의 도시재생 사업을 사진으로 기록한 전시회,인천아트플랫폼,전체,인천도시공사,032-260-5000,
인천,축제,2025-07-19,2025-07-20,토,일,16,22,인천 차이나타운 음식 축제,인천 차이나타운의 다양한 음식을 한자리에서 맛볼 수 있는 축제,인천 차이나타운 일대,전체,인천 중구청,032-760-7114,
인천,공연,2025-07-25,,금,,19,21,인천 무용단 정기공연,인천시립무용단의 하계 정기공연,인천문화예술회관,전체,인천문화재단,032-866-0333,
인천,마켓,2025-04-27,2025-06-29,일,일,11,16,인천 송도 선데이 마켓,매주 일요일 송도에서 열리는 지역 예술가들의 수공예품 마켓,송도 센트럴파크,전체,인천관광공사,032-899-7300,
인천,체험,2025-05-03,2025-05-04,토,일,0:00,16,인천 패밀리 요리 페스티벌,가족이 함께 참여하는 요리 축제 및 체험 프로그램,인천 송도컨벤시아,가족,인천 연수구,032-749-7800,
인천,공연,2025-05-31,,토,,0:00,20,인천 프린지 페스티벌,거리예술가들의 다양한 공연을 즐길 수 있는 축제,인천 북구 부평역 광장,전체,인천 부평구,032-500-2000,
인천,교육,2025-06-05,2025-06-26,목,목,0:00,16,인천 생활 도예 클래스,매주 목요일 진행되는 생활 도예 클래스,인천아트플랫폼,성인,인천문화재단,032-760-1000,
인천,축제,2025-06-14,2025-06-15,토,일,0:00,18,인천 동구 락 페스티벌,인천 동구에서 열리는 록 음악 축제,화수부두 문화광장,전체,인천 동구청,032-770-5000,
인천,전시,2025-06-17,2025-07-17,화,목,9,17,인천 전통 공예 전시회,인천 지역의 전통 공예품을 한자리에서 만나볼 수 있는 전시회,인천시립박물관,전체,인천시립박물관,032-440-6750,
인천,공연,2025-06-27,,금,,19,21,인천 오페라의 밤,유명 오페라 아리아 갈라 콘서트,인천아트센터,전체,인천문화재단,032-453-7700,
인천,축제,2025-07-04,2025-07-05,금,토,17,22,인천 낭만 버스킹 축제,도심 곳곳에서 진행되는 거리 공연 축제,인천 신포동 상가 일대,전체,인천 중구청,032-760-7114,
인천,체험,2025-07-12,,토,,14,17,인천 전통주 시음회,인천 지역의 다양한 전통주를 맛볼 수 있는 행사,인천 송도컨벤시아,성인,인천관광공사,032-899-7300,
인천,전시,2025-04-01,2025-05-31,화,토,10,18,인천항 100주년 기념전,인천항의 역사와 발전상을 담은 특별 전시회,인천항 제1부두 홍보관,전체,인천항만공사,032-890-8000,
인천,축제,2025-04-24,2025-04-28,목,월,10,22,인천 봄꽃 축제,인천의 다양한 봄꽃을 즐길 수 있는 축제,인천대공원,전체,인천 서구청,032-560-4000,
인천,공연,2025-05-08,,목,,19,21,인천 청소년 오케스트라 정기연주회,인천 청소년 오케스트라의 봄 정기 연주회,인천아트센터,전체,인천문화재단,032-453-7700,
인천,마켓,2025-05-17,2025-05-18,토,일,11,17,인천 핸드메이드 페어,수공예 작가들의 작품을 만나고 구매할 수 있는 행사,인천 문화창작지대 아트플랫폼,전체,인천문화재단,032-760-1000,
인천,교육,2025-05-25,,일,,14,16,인천 바다 생태계 강연,인천 바다의 생태계에 대해 배우는 교육 프로그램,인천해양과학관,전체,인천해양과학관,032-835-4100,
인천,공연,2025-06-21,,토,,17,19,인천 시민 오케스트라 연주회,인천 시민들로 구성된 오케스트라의 여름 정기 연주회,인천문화예술회관,전체,인천문화재단,032-866-0333,
인천,체험,2025-06-28,,토,,10,15,인천 공항 견학 프로그램,인천국제공항의 시설을 둘러보고 항공 관련 체험을 할 수 있는 프로그램,인천국제공항,전체,인천국제공항공사,1577-2600,
인천,축제,2025-07-01,2025-07-03,화,목,18,22,인천 조명 축제,도심 속 조명 예술을 즐길 수 있는 축제,송도 달빛축제공원,전체,인천관광공사,032-899-7300,
인천,공연,2025-07-11,,금,,20,22,인천 국악의 밤,전통 국악과 현대 음악의 조화를 즐길 수 있는 공연,인천 부평아트센터,전체,인천문화재단,032-453-7700,
서울,축제,2025-04-20,2025-04-22,일,화,10:00,22:00,서울 봄꽃 축제,"서울의 대표적인 봄꽃 축제로, 여의도 윤중로 일대에서 다양한 봄꽃을 감상할 수 있는 행사입니다.",여의도 윤중로,전연령,서울특별시,02-1234-5678,
서울,공연,2025-04-25,,금,,19:00,21:00,서울시립교향악단 정기연주회,서울시립교향악단의 정기연주회로 클래식 음악을 감상할 수 있는 공연입니다.,세종문화회관 대극장,전연령,서울시립교향악단,02-2345-6789,
서울,행사,2025-04-27,,일,,14:00,18:00,한강 자전거 페스티벌,한강을 따라 자전거를 타며 가족과 함께 즐길 수 있는 자전거 축제입니다.,한강공원,전연령,서울시 자전거정책과,02-3456-7890,
서울,축제,2025-05-01,2025-05-05,목,월,10:00,22:00,서울 어린이 대공원 페스티벌,어린이날을 기념하여 다양한 체험 프로그램과 공연이 열리는 축제입니다.,서울 어린이 대공원,어린이 및 가족,서울시설공단,02-4567-8901,
서울,공연,2025-05-10,,토,,18:00,20:00,서울 재즈 페스티벌,국내외 유명 재즈 아티스트들이 참여하는 대규모 재즈 공연입니다.,올림픽공원 88잔디마당,전연령,서울재즈페스티벌 조직위원회,02-5678-9012,
서울,행사,2025-05-15,,목,,9:00,17:00,서울 국제 도서전,국내외 출판사들이 참여하여 다양한 책을 소개하고 판매하는 도서전입니다.,코엑스 전시장,전연령,대한출판문화협회,02-6789-0123,
서울,축제,2025-05-20,2025-05-24,화,토,11:00,21:00,서울 푸드 페스티벌,서울의 다양한 음식 문화를 체험할 수 있는 음식 축제입니다.,광화문 광장,전연령,서울시 관광과,02-7890-1234,
서울,공연,2025-05-30,,금,,20:00,22:00,한강 야외 영화제,"한강변에서 열리는 야외 영화 상영 행사로, 가족과 함께 즐길 수 있습니다.",한강공원 반포지구,전연령,서울시 문화예술과,02-8901-2345,
서울,행사,2025-06-05,,목,,10:00,16:00,서울 환경 박람회,환경 보호와 관련된 다양한 전시와 체험 프로그램이 진행되는 박람회입니다.,서울시청 광장,전연령,서울시 환경정책과,02-9012-3456,
서울,축제,2025-06-10,2025-06-14,화,토,12:00,22:00,서울 거리 예술 축제,서울 시내 곳곳에서 거리 예술가들의 공연이 펼쳐지는 축제입니다.,서울 시내 주요 거리,전연령,서울문화재단,02-0123-4567,
서울,공연,2025-06-20,,금,,19:30,21:30,서울 발레 페스티벌,국내외 발레단이 참여하는 발레 공연 축제입니다.,예술의전당 오페라극장,전연령,서울발레협회,02-1234-5678,
서울,행사,2025-06-25,,수,,9:00,18:00,서울 스타트업 박람회,스타트업 기업들이 참여하여 최신 기술과 제품을 소개하는 박람회입니다.,동대문디자인플라자(DDP),전연령,서울산업진흥원,02-2345-6789,
서울,축제,2025-04-18,2025-04-20,금,일,10:00,20:00,서울 벚꽃 축제,서울의 대표적인 벚꽃 명소에서 열리는 봄꽃 축제입니다.,석촌호수,전연령,서울시 관광과,02-3456-7890,
서울,공연,2025-04-22,,화,,19:00,21:00,서울 클래식 콘서트,서울시립교향악단이 선보이는 클래식 음악 공연입니다.,롯데콘서트홀,전연령,서울시립교향악단,02-4567-8901,
서울,행사,2025-04-28,,월,,14:00,17:00,서울 청년 취업 박람회,청년들을 위한 취업 정보와 상담이 제공되는 박람회입니다.,서울시청 신청사,청년,서울시 일자리정책과,02-5678-9012,
서울,축제,2025-05-03,2025-05-06,토,화,11:00,21:00,서울 세계 문화 축제,세계 각국의 문화를 체험할 수 있는 다문화 축제입니다.,서울광장,전연령,서울시 다문화정책과,02-6789-0123,
서울,공연,2025-05-12,,월,,20:00,22:00,서울 뮤지컬 갈라쇼,인기 뮤지컬 넘버를 한자리에서 감상할 수 있는 공연입니다.,블루스퀘어 인터파크홀,전연령,서울뮤지컬협회,02-7890-1234,
서울,축제,2025-05-03,2025-05-05,토,월,10,,서울 장미축제,아름다운 장미를 감상하고 다양한 부대 행사를 즐길 수 있는 축제,올림픽공원,전연령,송파구청,02-123-4567,
서울,공연,2025-05-10,,토,,19,,뮤지컬 <드림하이>,꿈을 향해 나아가는 청춘들의 이야기,세종문화회관 대극장,전연령,(주)쇼노트,02-987-6543,
서울,행사,2025-05-15,,목,,14,,서울 국제 도서전,다양한 출판사의 책을 만나고 작가 강연을 들을 수 있는 행사,코엑스,전연령,대한출판문화협회,02-111-2222,
서울,축제,2025-05-25,2025-05-27,토,월,11,,서울 푸드 페스티벌,다양한 음식과 문화를 경험할 수 있는 축제,노들섬,전연령,서울시,02-333-4444,
서울,공연,2025-06-01,,토,,17,,클래식 콘서트 <봄의 향연>,아름다운 클래식 음악을 감상할 수 있는 공연,예술의전당 콘서트홀,전연령,서울시립교향악단,02-555-6666,
서울,행사,2025-06-10,,화,,10,,서울 디자인 페스티벌,다양한 디자인 작품을 전시하고 관련 산업 정보를 교류하는 행사,DDP (동대문디자인플라자),"디자이너, 일반",서울디자인재단,02-777-8888,
서울,축제,2025-06-15,2025-06-17,토,월,12,,한강 여름밤 피크닉,다양한 공연과 체험 프로그램을 즐길 수 있는 여름 축제,한강공원 일대,전연령,서울시 한강사업본부,02-999-0000,
서울,공연,2025-06-22,,토,,18,,연극 <햄릿>,셰익스피어의 고전 비극,국립극장 해오름극장,중학생 이상,국립극단,02-123-9876,
서울,행사,2025-06-28,,금,,15,,서울 국제 영화제,다양한 국가의 영화를 상영하는 국제 영화 축제,"CGV 명동, 롯데시네마 건대입구 등",전연령,서울국제영화제 조직위원회,02-456-7890,
서울,축제,2025-07-05,2025-07-07,토,월,10,,보령 머드 축제 (서울 홍보 행사),보령 머드 축제를 서울에서 미리 체험할 수 있는 행사,광화문광장,전연령,보령시청,041-111-2222,
서울,공연,2025-07-12,,토,,19,,K-POP 콘서트 <서울 웨이브>,인기 K-POP 가수들의 공연,잠실종합운동장 주경기장,전연령,(주)케이팝엔터테인먼트,02-345-6789,
서울,행사,2025-07-20,,토,,14,,서울 코믹콘,"만화, 애니메이션, 게임 등 다양한 서브컬처를 즐길 수 있는 행사",코엑스,전연령,(주)코믹콘서울,02-654-3210,
인천,축제,2025-05-04,2025-05-06,일,화,10,,인천 어린이날 큰잔치,어린이들을 위한 다양한 공연과 체험 프로그램,문학경기장 북측광장,"어린이, 가족",인천광역시,032-456-7890,
인천,공연,2025-05-11,,일,,17,,인천시립교향악단 정기연주회,클래식 음악 공연,아트센터 인천 콘서트홀,전연령,인천광역시,032-123-4567,
인천,행사,2025-05-18,,일,,13,,송도 국제 마라톤 대회,아름다운 송도 해안가를 달리는 마라톤,송도 센트럴파크 일원,마라톤 참가자,"인천광역시, OBS경인TV",032-987-6543,
인천,축제,2025-05-24,2025-05-26,토,월,11,,강화 고려문화축제,고려 시대의 역사와 문화를 체험하는 축제,강화군 일원,전연령,강화군청,032-543-2109,
인천,공연,2025-06-02,,일,,16,,인천문화예술회관 기획공연,다양한 장르의 공연,인천문화예술회관 대공연장,전연령,인천광역시,032-765-4321,
인천,행사,2025-06-09,,일,,10,,인천 국제 보트 쇼,다양한 보트와 해양 레저 용품을 전시하는 행사,송도 컨벤시아,"관련 산업 종사자, 일반","인천광역시, 코트라",032-876-5432,
인천,축제,2025-06-14,2025-06-16,금,일,18,,차이나타운 문화축제,중국의 문화와 음식을 즐길 수 있는 축제,인천 차이나타운,전연령,인천 중구청,032-234-5678,
인천,공연,2025-06-23,,일,,15,,가족 뮤지컬 <피터팬>,어린이와 가족을 위한 뮤지컬 공연,부평아트센터 해누리극장,전연령,부평구문화재단,032-345-6789,
인천,행사,2025-06-29,,토,,11,,월미도 피크닉 콘서트,다양한 장르의 음악 공연을 즐길 수 있는 콘서트,월미도 문화의 거리,전연령,인천광역시 중구청,032-777-9999,
인천,축제,2025-07-06,2025-07-08,토,월,10,,소래포구 축제 (예상),싱싱한 해산물을 맛보고 즐길 수 있는 축제,소래포구 일대,전연령,인천 남동구청,032-888-1234,
인천,공연,2025-07-13,,토,,19,,여름밤의 영화 상영회,해변에서 즐기는 무료 영화 상영회,을왕리해수욕장,전연령,인천광역시 중구청,032-765-0987,
인천,행사,2025-07-21,,일,,14,,인천 펜타포트 락 페스티벌 (예상),국내외 유명 락 밴드들의 공연,송도 달빛축제공원,일부 연령 제한,"인천광역시, 경기일보",032-999-5678,
전국,축제,2025-05-05,,월,,10,,어린이날 전국 행사,전국 각지에서 열리는 어린이날 기념 행사,각 지역 공원 및 행사 장소,"어린이, 가족",각 지역 관공서 및 주최 기관,해당 기관 문의,
전국,공연,2025-05-17,,토,,15,,문화가 있는 날 특별 공연,전국 각지에서 다양한 문화 공연 할인 또는 무료 관람 기회 제공,전국 문화 시설,전연령,문화체육관광부,1588-XXXX,
전국,행사,2025-06-06,,금,,10,,현충일 추념 행사,나라를 위해 희생하신 분들을 기리는 행사,국립현충원 및 전국 기념 시설,전연령,국가보훈처,1577-XXXX,
전국,축제,2025-06-21,,금,,19,,하지 전국 캠핑 축제 (예상),여름의 시작을 기념하는 캠핑 축제 (지역별 상이),각 지역 캠핑장,캠핑 참가자,각 캠핑장 및 관련 단체,해당 기관 문의,
전국,공연,2025-07-01,,화,,20,,전국 국악 대공연 (예상),전통 국악 공연,국립극장 등 주요 공연장,전연령,문화체육관광부,1588-XXXX,
전국,행사,2025-07-17,,목,,10,,제헌절 기념 행사,대한민국 헌법 제정을 기념하는 행사,국회 및 전국 기념 시설,전연령,행정안전부,1577-XXXX,
서울,축제,2025-05-12,,월,,14,,종로 보신각 타종 행사 (정기),매주 월요일 정오에 진행되는 보신각 타종 행사,보신각,전연령,서울시,02-120,
서울,공연,2025-05-19,,월,,20,,남산골 한옥마을 전통 공연 (정기),"전통 무예, 민속극 등 다양한 전통 공연",남산골 한옥마을,전연령,서울시 중구청,02-2261-0500,
서울,행사,2025-05-26,,월,,10,,서울시 청년 일자리 박람회 (예상),청년 구직자를 위한 채용 박람회,코엑스 등,청년 구직자,서울시,02-120,
서울,축제,2025-06-09,,월,,18,,낙산공원 달빛극장 (예상),여름밤에 즐기는 야외 영화 상영,낙산공원,전연령,서울시 종로구청,02-2148-1800,
서울,공연,2025-06-16,,월,,19,,국악 브런치 콘서트 (정기),점심시간에 즐기는 국악 공연,국립국악원 우면당,전연령,국립국악원,02-580-3300,
서울,행사,2025-06-23,,월,,14,,서울 안전 체험 한마당 (예상),다양한 안전 체험을 할 수 있는 행사,보라매안전체험관,전연령,서울소방재난본부,02-2076-5119,
서울,축제,2025-07-14,,월,,11,,광장시장 먹거리 축제 (예상),다양한 전통 먹거리를 맛볼 수 있는 축제,광장시장,전연령,서울시 종로구청,02-2148-1934,
서울,공연,2025-07-21,,월,,20,,세종문화회관 여름 음악회 (예상),여름밤에 즐기는 다양한 장르의 음악 공연,세종문화회관,전연령,세종문화회관,02-399-1000,
서울,행사,2025-07-28,,월,,10,,서울 자전거 대행진 (예상),자전거를 타고 서울 시내를 달리는 행사,광화문광장 출발,자전거 이용 가능자,서울시,02-120,
인천,행사,2025-05-20,,화,,14,,인천항 개항장 문화지구 야행 (예상),밤에 즐기는 개항장 문화 탐방 프로그램,인천항 개항장 일원,전연령,인천광역시 중구청,032-760-7800,
인천,축제,2025-06-05,,목,,11,,연안부두 해산물 축제 (예상),싱싱한 해산물을 맛보고 즐기는 축제,연안부두 일대,전연령,인천광역시 중구청,032-760-7777,
인천,공연,2025-06-18,,화,,19,,트라이보울 재즈 페스티벌 (예상),아름다운 재즈 음악 공연,트라이보울,전연령,인천문화재단,032-455-7100,
인천,행사,2025-07-02,,수,,10,,인천 자유공원 맥아더 장군 동상 참배 (정기),맥아더 장군 동상 참배 행사,자유공원,전연령,인천광역시,032-440-2000,
서울,축제,2025-04-19,2025-04-27,토,일,10,18,서울도시농업박람회,도시 농업의 다양한 모델을 전시하고 체험 프로그램을 운영,서울광장,전 연령,서울시,02-2133-5357,
서울,공연,2025-04-21,2025-04-21,월,,19,21,세종문화회관 월요일 음악회,클래식 공연으로 피아노 독주와 앙상블 공연,세종문화회관 체임버홀,전 연령,세종문화회관,02-399-1000,
서울,축제,2025-04-23,2025-05-12,수,일,10,22,서울 장미축제,서울 곳곳의 장미원에서 펼쳐지는 봄 장미 축제,서울숲공원,전 연령,서울시 푸른도시국,02-460-2905,
서울,전시,2025-04-26,2025-07-20,토,일,10,19,예술의전당 한국근현대미술전,한국 근현대 미술의 흐름을 조망하는 대규모 전시,예술의전당 한가람미술관,전 연령,예술의전당,02-580-1300,
서울,공연,2025-04-30,2025-05-04,수,일,19,21,서울시향 신춘음악회,봄을 주제로 한 클래식 음악 공연,롯데콘서트홀,전 연령,서울시립교향악단,02-3700-6300,
서울,축제,2025-05-01,2025-05-05,목,월,10,21,서울 꽃 박람회,다양한 꽃과 식물을 감상하고 구매할 수 있는 행사,여의도공원,전 연령,서울시 농수산식품공사,02-3435-1000,
서울,전시,2025-05-03,2025-05-12,토,월,10,18,서울디자인페스티벌,국내외 디자이너들의 작품 전시 및 판매,코엑스,전 연령,디자인하우스,02-2262-7194,
서울,공연,2025-05-10,2025-05-10,토,,19,21,서울시 국악관현악단 정기연주회,전통국악과 현대적 요소를 결합한 국악관현악 공연,세종문화회관 대극장,전 연령,서울시,02-399-1000,
서울,축제,2025-05-15,2025-05-20,목,화,11,21,서울 드럼 페스티벌,국내외 유명 드러머들의 공연과 드럼 체험 행사,노들섬,전 연령,서울문화재단,02-3290-7000,
서울,공연,2025-05-17,2025-05-18,토,일,14,16,서울시소년소녀합창단 봄 공연,어린이 합창단의 다양한 레퍼토리 공연,세종문화회관 M씨어터,전 연령,서울시,02-399-1114,
서울,전시,2025-05-22,2025-08-31,목,일,10,19,국립현대미술관 국제현대미술전,세계 각국의 현대미술 작품을 한자리에서 감상,국립현대미술관 서울관,전 연령,국립현대미술관,02-3701-9500,
서울,축제,2025-05-25,2025-05-25,일,,12,20,서울 생활문화축제,시민 생활문화동아리들의 공연과 체험 프로그램,서울광장,전 연령,서울문화재단,02-3290-7000,
서울,공연,2025-05-31,2025-05-31,토,,19,21,DDP 라이브 콘서트,야외에서 즐기는 대중음악 공연,동대문디자인플라자(DDP),전 연령,서울디자인재단,02-2153-0000,
서울,교육,2025-06-01,2025-06-30,일,일,13,16,광진 어린이 과학 프로그램,어린이를 위한 과학 체험 및 교육 프로그램,광진구 어린이 과학관,초등학생,광진구청,02-450-7500,
서울,축제,2025-06-05,2025-06-09,목,월,10,22,서울 물빛축제,한강을 배경으로 펼쳐지는 물과 빛의 축제,반포한강공원,전 연령,서울시 한강사업본부,02-3780-0521,
서울,공연,2025-06-07,2025-06-07,토,,19,21,강동구민 오케스트라 정기연주회,클래식부터 영화음악까지 다양한 오케스트라 공연,강동아트센터 대극장,전 연령,강동구청,02-440-0500,
서울,축제,2025-06-10,2025-06-16,화,월,11,20,서울국제도서전,국내외 출판사와 작가들이 참여하는 도서 축제,코엑스,전 연령,대한출판문화협회,02-735-7441,
서울,공연,2025-06-14,2025-06-15,토,일,17,19,서울재즈페스티벌,국내외 유명 재즈 뮤지션들의 공연,올림픽공원,전 연령,민간기획사,02-3141-3488,
서울,전시,2025-06-15,2025-09-15,일,월,10,18,서울역사박물관 특별전,서울의 근현대 역사를 조명하는 특별 전시,서울역사박물관,전 연령,서울역사박물관,02-724-0274,
서울,축제,2025-06-20,2025-06-22,금,일,15,22,서울 맥주축제,국내외 다양한 맥주를 맛볼 수 있는 축제,난지한강공원,성인,서울관광재단,02-3788-0800,
전국,축제,2025-04-20,2025-05-05,일,월,9,20,진해 군항제,벚꽃 축제와 함께하는 해군 관련 행사,경남 창원시 진해구 일원,전 연령,창원시,055-225-4074,
전국,축제,2025-04-26,2025-05-11,토,일,9,18,고양 국제꽃박람회,국내외 다양한 꽃과 정원 작품을 감상,경기 고양시 일산 호수공원,전 연령,고양시,031-908-7750,
전국,전시,2025-05-01,2025-05-31,목,토,10,18,광주 디자인비엔날레,디자인을 통한 미래 비전을 제시하는 국제 행사,광주 김대중컨벤션센터,전 연령,광주광역시,062-611-2000,
전국,축제,2025-05-04,2025-05-10,일,토,10,22,보령 머드축제,머드를 이용한 다양한 체험 프로그램 운영,충남 보령시 대천해수욕장,전 연령,보령시,041-930-3822,
전국,공연,2025-05-14,2025-05-19,수,월,14,21,전주 국제영화제,국내외 독립영화와 예술영화를 상영하는 영화 축제,전북 전주시 영화의거리 일원,전 연령,전주국제영화제조직위원회,063-288-5433,
전국,축제,2025-05-17,2025-05-26,토,월,10,18,춘천 마임축제,국내외 마임 아티스트들의 공연,강원 춘천시 명동길 일원,전 연령,춘천마임축제 추진위원회,033-242-0585,
전국,축제,2025-05-23,2025-05-26,금,월,9,18,함평 나비축제,나비와 곤충을 주제로 한 생태 축제,전남 함평군 함평엑스포공원,전 연령,함평군,061-320-3210,
전국,전시,2025-05-29,2025-06-09,목,일,10,19,부산 국제아트페어,국내외 갤러리와 작가들의 미술 작품 전시 및 판매,부산 벡스코,전 연령,부산문화재단,051-501-1277,
전국,축제,2025-06-02,2025-06-09,월,월,10,22,울산 장미축제,100여 종의 장미를 감상할 수 있는 축제,울산 울주군 태화강 둔치,전 연령,울산광역시,052-229-3140,
전국,공연,2025-06-08,2025-06-15,일,일,19,22,대구 국제뮤지컬페스티벌,국내외 유명 뮤지컬 작품을 상연하는 축제,대구 여러 공연장,전 연령,대구시,053-622-1945,
전국,축제,2025-06-14,2025-06-21,토,토,10,18,제주 해녀 축제,제주 해녀 문화를 체험하고 알아보는 축제,제주 해녀박물관 일원,전 연령,제주특별자치도,064-710-2114,
전국,축제,2025-06-20,2025-06-23,금,월,10,21,강릉 단오제,유네스코 인류무형문화유산으로 등재된 전통 축제,강원 강릉 남대천 일원,전 연령,강릉단오제위원회,033-641-1593,
전국,축제,2025-06-24,2025-06-30,화,월,9,18,무주 반딧불이 축제,반딧불이와 자연생태 체험 축제,전북 무주군 설천면 일원,전 연령,무주군,063-320-5671,
전국,전시,2025-06-28,2025-07-14,토,일,10,18,세종 스마트시티 엑스포,미래 도시 기술과 혁신을 소개하는 전시회,세종컨벤션센터,전 연령,세종특별자치시,044-300-4114,
전국,축제,2025-07-02,2025-07-10,수,목,9,21,목포 해양문화축제,다양한 해양 문화 체험과 공연,전남 목포시 평화광장,전 연령,목포시,061-270-8114,
인천,축제,2025-04-16,2025-04-30,수,수,10,18,인천 봄꽃 축제,시민들과 함께하는 봄꽃 축제 및 체험 프로그램,인천대공원,전 연령,인천광역시,032-440-5000,
인천,공연,2025-04-25,2025-04-27,금,일,19,21,인천 오페라 페스티벌,국내외 유명 오페라 공연과 갈라 콘서트,인천문화예술회관,전 연령,인천광역시 문화재단,032-760-1000,
인천,축제,2025-05-04,2025-05-10,일,토,10,19,인천 세계문화축제,세계 각국의 문화 체험과 공연,송도 센트럴파크,전 연령,인천관광공사,032-899-7300,
인천,전시,2025-05-11,2025-06-30,일,월,10,18,인천 트리엔날레,'바다와 도시'를 주제로 한 현대미술 전시,인천아트플랫폼,전 연령,인천문화재단,032-760-1000,
인천,축제,2025-05-24,2025-05-26,토,월,11,20,강화 고인돌 문화축제,강화도 고인돌 유적을 중심으로 한 역사문화 축제,강화 고인돌유적지,전 연령,강화군,032-930-3514,
인천,공연,2025-06-01,2025-06-01,일,,15,17,인천시립교향악단 야외음악회,시민과 함께하는 클래식 음악 야외 공연,월미공원,전 연령,인천문화예술회관,032-420-2731,
서울,축제,2025-04-30,2025-05-06,수,화,10:00,22:00,서울스프링페스타,"서울 전역에서 펼쳐지는 K-컬처 대표 문화·관광 축제. 음악, 빛, 퍼포먼스 등 다양한 프로그램이 진행된다.","월드컵공원, 서울광장 등","시민, 관광객",서울특별시,02-120,
서울,축제,2025-05-03,2025-05-05,토,월,12:00,21:00,서울서커스페스티벌,"노들섬에서 열리는 국내외 서커스 공연, 체험, 퍼레이드 등 다양한 프로그램이 마련된 축제.",노들섬,"시민, 가족",서울특별시,02-120,
서울,축제,2025-05-04,2025-06-22,일,일,10:00,18:00,2025 차 없는 잠수교 뚜벅뚜벅 축제,"매주 일요일 반포한강공원 및 잠수교 일원에서 열리는 도보 축제. 다양한 체험과 공연, 플리마켓이 운영된다.",반포한강공원 및 잠수교,"시민, 가족",서울특별시,02-120,
서울,공연,2025-05-10,2025-05-11,토,일,14:00,21:00,서울드럼페스티벌,"노들섬에서 열리는 국내외 아티스트의 드럼 공연, 경연대회, 타악기 체험 및 전시 등 다양한 프로그램.",노들섬,"시민, 음악애호가",서울특별시,02-120,
서울,축제,2025-05-22,2025-10-20,목,월,10:00,18:00,2025 서울국제정원박람회,"보라매공원에서 열리는 정원 예술, 조경, 체험, 전시 등 다양한 정원문화 축제.",보라매공원,"시민, 가족",서울특별시,02-120,
서울,축제,2025-05-23,2025-05-24,금,토,10:00,18:00,서울조각페스티벌 상반기,"풍납동 백제문화공원 일대에서 열리는 조각 전시, 체험, 시민참여 프로그램.",풍납동 백제문화공원,"시민, 예술애호가",서울특별시,02-120,
서울,공연,2025-06-01,2025-06-02,일,월,19:00,21:00,광화문광장 야외오페라,광화문광장에서 펼쳐지는 대규모 야외 오페라 공연.,광화문광장,"시민, 음악애호가",서울특별시,02-120,
서울,축제,2025-06-07,,토,,,14:00,18:00,서울국악축제,의정부지역사유적광장 등에서 열리는 국악 공연 및 체험 행사.,의정부지역사유적광장 등,"시민, 가족",서울특별시,
서울,공연,2025-06-13,2025-06-14,금,토,19:00,21:00,서울시향 강변음악회,여의도 한강공원에서 서울시립교향악단이 펼치는 야외 음악회.,여의도 한강공원,"시민, 음악애호가",서울특별시,02-120,
서울,축제,2025-04-19,,토,,10,18,영등포 봄꽃 축제,"여의서로 벚꽃길에서 열리는 봄맞이 축제. 공연, 전시, 체험 부스 운영",여의도 한강공원,전체,영등포구청,02-2670-3114,
서울,공연,2025-04-25,,금,,19,21,서울시립교향악단 봄 콘서트,클래식 음악 공연,세종문화회관,성인,서울시립교향악단,02-3700-6300,
서울,행사,2025-04-26,,토,,13,17,종로구 어린이날 행사,어린이날 기념 놀이 및 체험 프로그램,종묘 공원,어린이,종로구청,02-2148-1114,
서울,축제,2025-04-30,2025-05-04,수,일,14,20,서울스프링페스타,K-컬처 중심의 문화·관광 축제,KBS 아레나,전체,서울시청,02-120,
서울,공연,2025-05-01,,목,,18,20,강남구 뮤지컬 공연,지역 주민을 위한 뮤지컬 상연,강남구민회관,전체,강남구청,02-3423-5114,
서울,축제,2025-05-03,2025-05-05,토,월,10,18,송파구 어린이 축제,어린이날 맞이 가족 단위 행사,올림픽공원,가족,송파구청,02-2147-2000,
서울,행사,2025-05-05,,월,,11,15,마포구 어린이날 기념행사,어린이를 위한 놀이와 공연,마포아트센터,어린이,마포구청,02-3153-8114,
서울,공연,2025-05-09,,금,,19,21,서초구 재즈 콘서트,봄밤을 수놓는 재즈 공연,서초문화예술회관,성인,서초구청,02-2155-6114,
서울,축제,2025-05-10,2025-05-11,토,일,12,20,중구 서울거리예술축제,거리 공연과 예술 체험,을지로 일대,전체,중구청,02-3396-4114,
서울,행사,2025-05-15,,목,,14,18,동대문구 환경의 날 행사,환경 보호 캠페인 및 체험,동대문구청 앞 광장,전체,동대문구청,02-2127-4114,
서울,공연,2025-05-17,,토,,15,17,관악구 클래식 공연,지역 주민을 위한 무료 공연,관악문화예술회관,전체,관악구청,02-828-5700,
서울,축제,2025-05-18,2025-05-19,일,월,10,18,광진구 벚꽃마켓 페스티벌,벚꽃과 함께하는 마켓 및 공연,어린이대공원,가족,광진구청,02-450-1114,
서울,행사,2025-05-20,,화,,13,16,성동구 건강박람회,건강 체크 및 상담 프로그램,성동구민체육센터,성인,성동구청,02-2286-7114,
서울,공연,2025-05-23,,금,,19,22,용산구 연극 공연,지역 예술단체의 연극 상연,용산아트홀,성인,용산구청,02-2199-6114,
서울,축제,2025-05-24,2025-05-25,토,일,11,19,강서구 봄꽃마당 축제,꽃 전시와 공연,곰달래문화복지센터,전체,강서구청,02-2600-6114,
서울,행사,2025-05-27,,화,,10,14,은평구 평생학습 박람회,교육 프로그램 소개 및 체험,은평문화예술회관,전체,은평구청,02-351-6114,
서울,공연,2025-05-30,,금,,18,20,금천구 합창단 공연,지역 합창단의 정기 공연,금천구민문화체육센터,전체,금천구청,02-2627-2114,
서울,축제,2025-06-01,2025-06-08,일,일,10,21,서울퀴어퍼레이드,퀴어 문화 축제,서울광장,전체,서울퀴어문화축제조직위원회,,
서울,공연,2025-06-06,,금,,19,21,구로구 오페라 공연,클래식 오페라 상연,구로아트밸리,성인,구로구청,02-860-2114,
서울,행사,2025-06-07,,토,,14,18,양천구 환경 캠페인,환경 보호 활동 및 교육,양천공원,가족,양천구청,02-2620-3114,
서울,축제,2025-06-08,2025-06-09,일,월,12,20,노원구 문화예술제,지역 예술가 공연 및 전시,노원문화예술회관,전체,노원구청,02-2116-3114,
서울,공연,2025-06-13,,금,,19,21,도봉구 전통음악 공연,국악 공연,도봉구민회관,전체,도봉구청,02-2091-2114,
서울,행사,2025-06-14,,토,,10,15,강북구 가족운동회,가족 단위 체육 행사,강북구민운동장,가족,강북구청,02-901-6114,
서울,축제,2025-06-15,2025-06-16,일,월,11,19,서대문구 역사문화축제,역사 재현 및 체험,서대문형무소역사관,전체,서대문구청,02-330-1114,
서울,공연,2025-06-19,,목,,18,20,서울재즈페스티벌,재즈 아티스트 공연,올림픽공원,성인,서울시청,02-120,
서울,축제,2025-06-20,2025-06-22,금,일,14,22,MyK FESTA,K-컬처 글로벌 축제,KSPO DOME,전체,서울시청,,
서울,행사,2025-06-21,,토,,13,17,성북구 독서문화 행사,도서 전시 및 강연,성북구립도서관,전체,성북구청,02-2241-3114,
서울,공연,2025-06-24,,화,,19,21,중랑구 댄스 공연,지역 댄스팀 공연,중랑문화예술회관,청소년,중랑구청,02-2094-1114,
서울,축제,2025-06-25,2025-06-26,수,목,10,18,강동구 여름맞이 축제,여름 테마 공연 및 체험,강동구민회관,가족,강동구청,02-3425-5114,
서울,행사,2025-06-27,,금,,14,18,영등포구 청소년 진로박람회,진로 탐색 프로그램,영등포구청 대강당,청소년,영등포구청,02-2670-3114,
서울,공연,2025-04-20,,일,,15,17,종로구 전통무용 공연,전통 춤 공연,종로문화체육센터,전체,종로구청,02-2148-1114,
서울,축제,2025-04-27,2025-04-28,일,월,11,19,송파구 봄나들이 축제,봄맞이 야외 행사,석촌호수,가족,송파구청,02-2147-2000,
서울,행사,2025-05-02,,금,,10,14,마포구 안전교육 행사,안전 체험 및 교육,마포구청 광장,전체,마포구청,02-3153-8114,
서울,공연,2025-05-08,,목,,18,20,서초구 합창 공연,합창단 정기 공연,서초구민회관,전체,서초구청,02-2155-6114,
경기,축제,2025-04-25,2025-05-12,금,월,10:00,18:00,고양국제꽃박람회,세계 각국의 희귀 꽃과 다양한 정원을 만날 수 있는 꽃 축제입니다.,일산 호수공원,전연령,고양시청,031-909-9000,
경기,축제,2025-04-20,2025-04-30,일,수,9:00,18:00,군포 철쭉축제,철쭉이 만개한 초막골생태공원에서 자연을 만끽하는 행사입니다.,초막골생태공원,전연령,군포시청,031-390-0000,
경기,축제,2025-05-05,2025-05-20,월,화,10:00,17:00,구리 유채꽃 한강예술제,노란 유채꽃밭과 한강이 어우러진 절경을 감상할 수 있는 축제입니다.,구리한강시민공원,전연령,구리시청,031-550-0000,
경기,축제,2025-04-25,2025-05-06,금,화,10:00,18:00,이천 도자기축제,"세계적인 도예가들의 작품 전시, 도자기 만들기 체험 등 다양한 프로그램이 마련됩니다.",이천 세라피아,전연령,이천시청,031-644-0000,
경기,축제,2025-05-01,2025-05-11,목,일,10:00,18:00,여주 도자기축제,"전통 도자 작품 전시, 도자기 만들기 체험 등을 통해 여주 도자기의 아름다움을 감상할 수 있습니다.",신륵사 관광지 일대,전연령,여주시청,031-887-0000,
경기,축제,2025-04-25,2025-04-27,금,일,10:00,17:00,양평 용문산 산나물축제,용문산에서 자라는 다양한 산나물을 직접 채취하고 맛볼 수 있는 기회입니다.,용문산 일대,전연령,양평군청,031-770-0000,
경기,축제,2025-04-05,2025-04-13,토,일,10:00,17:00,가평 에덴벚꽃길 벚꽃축제,아름다운 벚꽃길을 따라 다양한 문화행사와 체험 프로그램이 진행됩니다.,에덴벚꽃길 일원,전연령,가평군청,031-580-0000,
경기,축제,2025-04-05,2025-04-06,토,일,10:00,17:00,김포 벚꽃축제,다양한 공연과 체험 프로그램이 마련되어 있는 벚꽃축제입니다.,김포시 일원,전연령,김포시청,031-980-0000,
경기,축제,2025-04-19,,토,,18:00,21:00,수원연등축제,"부처님 오신 날을 기념하는 연등축제로, 개막공연, 봉축법요식, 연등행렬 등이 진행됩니다.",화성행궁 광장,전연령,수원시청,031-228-0000,
경기,축제,2025-04-25,2025-05-06,금,화,10:00,18:00,광주왕실도자페스티벌,"전통 도자기 문화를 경험할 수 있는 축제로, 다양한 전시와 체험 프로그램이 마련됩니다.",광주 곤지암도자공원,전연령,광주시청,031-760-0000,
경기,축제,2025-04-11,2025-04-13,금,일,10:00,17:00,여주흥천남한강 벚꽃축제,남한강을 따라 펼쳐지는 벚꽃길에서 다양한 문화행사와 체험 프로그램이 진행됩니다.,여주 흥천면 일대,전연령,여주시청,031-887-0000,
경기,축제,2025-04-11,2025-04-27,금,일,10:00,17:00,행주가 예술이야,"행주산성 일대에서 열리는 예술 축제로, 다양한 공연과 전시가 마련됩니다.",행주산성 일대,전연령,고양시청,031-909-9000,
경기,축제,2025-04-11,2025-04-12,금,토,10:00,17:00,한내천 봄꽃축제,한내천을 따라 펼쳐지는 봄꽃길에서 다양한 문화행사와 체험 프로그램이 진행됩니다.,한내천 일대,전연령,의정부시청,031-828-0000,
경기,축제,2025-04-12,2025-05-11,토,일,10:00,17:00,쇼죠마츠리 봄축제,"일본 전통 문화를 체험할 수 있는 축제로, 다양한 공연과 체험 프로그램이 마련됩니다.",수원시 일원,전연령,수원시청,031-228-0000,
경기,축제,2025-04-12,2025-04-13,토,일,10:00,17:00,포천 물골 연등제,"부처님 오신 날을 기념하는 연등축제로, 다양한 문화행사와 체험 프로그램이 진행됩니다.",포천시 일원,전연령,포천시청,031-538-0000,
경기,축제,2025-05-03,2025-05-05,토,월,10,,고양국제꽃박람회,다양한 세계 각국의 꽃을 감상할 수 있는 국제적인 꽃 박람회,일산호수공원,전연령,고양시,031-123-4567,
경기,공연,2025-05-10,,토,,19,,성남아트센터 기획공연,다양한 장르의 수준 높은 공연,성남아트센터,전연령,성남문화재단,031-987-6543,
경기,행사,2025-05-15,,목,,14,,수원화성 문화제 (예상),수원화성의 역사와 문화를 체험하는 축제,수원화성 일원,전연령,수원시,031-111-2222,
경기,축제,2025-05-25,2025-05-27,토,월,11,,가평 자라섬 꽃 페스타 (예상),아름다운 꽃과 자연을 만끽할 수 있는 축제,자라섬,전연령,가평군,031-333-4444,
경기,공연,2025-06-01,,토,,17,,안산문화예술의전당 기획공연,다채로운 문화 예술 공연,안산문화예술의전당,전연령,안산시,031-555-6666,
경기,행사,2025-06-10,,화,,10,,용인 농촌테마파크 축제 (예상),농촌 문화를 체험하고 즐길 수 있는 축제,용인 농촌테마파크,전연령,용인시,031-777-8888,
경기,축제,2025-06-15,2025-06-17,토,월,12,,파주 헤이리 예술마을 축제 (예상),다양한 예술 전시와 공연을 즐길 수 있는 축제,헤이리 예술마을,전연령,파주시,031-999-0000,
경기,공연,2025-06-22,,토,,18,,부천필하모닉오케스트라 정기연주회,수준 높은 클래식 음악 연주,부천아트센터,전연령,부천문화재단,032-123-9876,
경기,행사,2025-06-28,,금,,15,,오산 오색시장 야맥축제 (예상),다양한 맥주와 음식을 즐길 수 있는 야시장 축제,오산 오색시장,성인,오산시,031-456-7890,
경기,축제,2025-07-05,2025-07-07,토,월,10,,양평 물맑은 여름축제 (예상),시원한 물놀이와 다양한 체험 활동을 즐길 수 있는 여름 축제,양평군 일원,전연령,양평군,031-111-2222,
경기,공연,2025-07-12,,토,,19,,화성아트센터 기획공연,다양한 장르의 공연,화성아트센터,전연령,화성시문화재단,031-345-6789,
경기,행사,2025-07-20,,토,,14,,광명동굴 여름 특별 행사 (예상),시원한 동굴에서 즐기는 특별한 체험 프로그램,광명동굴,전연령,광명시,02-654-3210,
경기,축제,2025-05-04,2025-05-06,일,화,10,,이천 도자기 축제 (예상),이천 도자기의 아름다움을 감상하고 체험할 수 있는 축제,이천 설봉공원,전연령,이천시,031-678-XXXX,
경기,공연,2025-05-11,,일,,17,,안양아트센터 기획공연,다양한 공연 예술 행사,안양아트센터,전연령,안양문화예술재단,031-687-XXXX,
경기,행사,2025-05-18,,일,,13,,군포 철쭉축제 (종료 예상),아름다운 철쭉꽃을 감상할 수 있는 축제 (5월 초 예상),군포 철쭉동산,전연령,군포시,031-390-XXXX,
경기,축제,2025-05-24,2025-05-26,토,월,11,,여주 흥천면 귀농귀촌 체험마을 축제 (예상),농촌 생활을 체험하고 즐길 수 있는 축제,여주 흥천면 일원,전연령,여주시,031-887-XXXX,
경기,공연,2025-06-02,,일,,16,,의정부예술의전당 기획공연,다채로운 문화 공연,의정부예술의전당,전연령,의정부시,031-828-XXXX,
경기,행사,2025-06-09,,일,,10,,포천 허브아일랜드 불빛동화축제 (진행중),아름다운 불빛 조형물을 감상할 수 있는 축제,포천 허브아일랜드,전연령,(주)허브아일랜드,031-535-XXXX,
경기,축제,2025-06-14,2025-06-16,금,일,18,,광주 남한산성 문화제 (예상),남한산성의 역사와 문화를 체험하는 축제,남한산성 일원,전연령,광주시,031-760-XXXX,
경기,공연,2025-06-23,,일,,15,,김포아트빌리지 공연 (예상),다양한 장르의 공연,김포아트빌리지,전연령,김포문화재단,031-996-XXXX,
경기,행사,2025-06-29,,토,,11,,안성맞춤 남사당 바우덕이 축제 (예상),남사당의 전통 공연을 즐길 수 있는 축제,안성맞춤랜드,전연령,안성시,031-678-XXXX,
경기,축제,2025-07-06,2025-07-08,토,월,10,,동두천 락 페스티벌 (예상),신나는 락 음악 공연을 즐길 수 있는 축제,동두천 종합운동장,일부 연령 제한,동두천시,031-860-XXXX,
경기,공연,2025-07-13,,토,,19,,구리 코스모스 축제 (시기 미정),아름다운 코스모스 꽃밭과 함께하는 공연 (가을 예상),구리한강시민공원,전연령,구리시,031-550-XXXX,
경기,행사,2025-07-21,,일,,14,,하남 미사리 조정경기장 행사 (미정),다양한 행사 및 축제가 개최되는 장소 (개별 행사 확인 필요),미사리 조정경기장,행사별 상이,하남시,031-790-XXXX,
경기,축제,2025-05-12,,월,,14,,과천 서울대공원 장미원 축제 (예상),아름다운 장미를 감상할 수 있는 축제,서울대공원 장미원 (과천),전연령,서울시설공단,02-500-XXXX,
경기,공연,2025-05-19,,월,,20,,한국민속촌 전통 공연 (정기),다양한 전통 민속 공연,한국민속촌,전연령,한국민속촌,031-288-XXXX,
경기,행사,2025-05-26,,월,,10,,킨텍스 전시회 (정기),다양한 산업 분야의 전시회 (개별 전시회 확인 필요),킨텍스,"관련 분야 종사자, 일반",킨텍스,031-995-XXXX,
경기,축제,2025-06-09,,월,,18,,안산 국제 거리극 축제 (예상),다양한 거리 공연 예술을 즐길 수 있는 축제,안산 문화광장 일대,전연령,안산문화재단,031-481-XXXX,
경기,공연,2025-06-16,,월,,19,,경기도립극단 공연 (예상),수준 높은 연극 공연,경기도문화의전당 등,전연령,경기도립극단,031-230-XXXX,
경기,행사,2025-06-23,,월,,14,,에버랜드 장미축제 (진행중),아름다운 장미 정원을 감상하고 다양한 이벤트를 즐길 수 있는 축제,에버랜드,전연령,삼성물산(주),031-320-XXXX,
경기,축제,2025-07-14,,월,,11,,부천 국제 판타스틱 영화제 (예상),다양한 장르의 판타스틱 영화를 감상할 수 있는 영화제,부천시 일대,일부 연령 제한,부천국제판타스틱영화제 조직위원회,032-327-XXXX,
경기,공연,2025-07-21,,월,,20,,경기도립국악단 공연 (예상),아름다운 국악 공연,경기도문화의전당 등,전연령,경기도립국악단,031-230-XXXX,
경기,행사,2025-07-28,,월,,10,,일산 킨텍스 맘앤베이비페어 (예상),"임신, 출산, 육아 관련 상품 및 정보를 얻을 수 있는 박람회",킨텍스,"임산부, 육아맘, 일반",(주)미래전람,02-2236-XXXX,
경기,행사,2025-05-21,,수,,10,,평택항 마라톤 대회 (예상),평택항 일원을 달리는 마라톤 대회,평택항 국제여객터미널,마라톤 참가자,평택시,031-8024-XXXX,
경기,축제,2025-04-20,2025-05-05,일,월,9,19,고양국제꽃박람회,전 세계 화훼 품종과 정원 문화를 한자리에서 감상할 수 있는 축제,고양시 일산 호수공원,전 연령,고양시,031-908-7750,
경기,축제,2025-04-22,2025-04-26,화,토,10,18,수원화성문화제,수원화성을 배경으로 펼쳐지는 역사문화축제,수원화성 일원,전 연령,수원시,031-290-3600,
경기,전시,2025-04-23,2025-07-15,수,화,10,18,경기도미술관 특별전,현대미술 작가들의 작품을 소개하는 특별전시,경기도미술관,전 연령,경기문화재단,031-481-7000,
경기,공연,2025-04-25,2025-04-25,금,,19,21,경기필하모닉 봄 음악회,클래식 음악의 명곡을 선보이는 오케스트라 공연,경기아트센터 대극장,전 연령,경기아트센터,031-230-3200,
경기,축제,2025-04-27,2025-05-10,일,토,10,20,양평 산수유축제,노란 산수유 꽃이 만발한 양평에서 펼쳐지는 봄 축제,양평군 산수유마을,전 연령,양평군,031-770-2114,
경기,교육,2025-04-30,2025-04-30,수,,14,16,파주 어린이 과학교실,어린이를 위한 과학 실험 및 체험 프로그램,파주시 중앙도서관,초등학생,파주시,031-940-5661,
경기,축제,2025-05-01,2025-05-05,목,월,10,22,이천 도자기축제,전통 도자기 문화를 체험하고 감상하는 축제,이천 도자기마을,전 연령,이천시,031-644-2941,
경기,공연,2025-05-03,2025-05-03,토,,15,17,안산 거리극 축제,국내외 거리예술가들의 다양한 공연,안산 문화광장,전 연령,안산시,031-481-4000,
경기,전시,2025-05-05,2025-05-30,월,금,10,18,성남아트센터 사진전,현대 사진작가들의 작품을 소개하는 전시,성남아트센터,전 연령,성남문화재단,031-783-8000,
경기,축제,2025-05-10,2025-05-19,토,월,9,18,부천 국제만화축제,만화와 애니메이션을 주제로 한 국제 행사,부천시 한국만화박물관,전 연령,부천시,032-320-3000,
경기,공연,2025-05-13,2025-05-13,화,,19,21,의정부 국제음악극축제,국내외 음악극 공연 및 체험 프로그램,의정부예술의전당,전 연령,의정부시,031-828-5841,
경기,축제,2025-05-16,2025-05-18,금,일,10,20,평택 호미걸이 축제,전통 농경문화를 체험할 수 있는 축제,평택시 팽성읍 일원,전 연령,평택시,031-8024-2114,
경기,전시,2025-05-20,2025-06-30,화,월,10,18,남양주 유기농 박람회,유기농 제품과 친환경 생활용품을 소개하는 박람회,남양주 체육문화센터,전 연령,남양주시,031-590-2114,
경기,공연,2025-05-24,2025-05-25,토,일,14,16,광명 동굴음악회,광명동굴에서 펼쳐지는 독특한 음향의 클래식 공연,광명동굴,전 연령,광명시,02-2680-2114,
경기,축제,2025-05-27,2025-06-02,화,월,10,18,포천 산정호수 명성산 억새축제,산정호수와 명성산의 아름다운 자연을 즐기는 축제,포천 산정호수,전 연령,포천시,031-538-2114,
경기,교육,2025-05-31,2025-05-31,토,,13,17,오산 천문대 별빛축제,천체 관측과 우주과학 교육 프로그램,오산시 천문과학관,전 연령,오산시,031-8036-8851,
경기,공연,2025-06-01,2025-06-01,일,,17,19,시흥 갯골축제,갯골생태공원에서 펼쳐지는 음악회와 생태체험,시흥 갯골생태공원,전 연령,시흥시,031-310-6743,
경기,축제,2025-06-05,2025-06-09,목,월,10,20,용인 백남준아트센터 미디어아트 페스티벌,미디어아트 작품 전시와 체험 프로그램,용인 백남준아트센터,전 연령,경기문화재단,031-201-8500,
경기,공연,2025-06-08,2025-06-08,일,,19,21,김포 한강 물꽃축제,한강을 배경으로 펼쳐지는 음악공연과 불꽃쇼,김포 한강중앙공원,전 연령,김포시,031-980-2114,
경기,축제,2025-06-10,2025-06-16,화,월,10,18,하남 이성산성 문화제,이성산성의 역사와 문화를 체험하는 축제,하남 이성산성,전 연령,하남시,031-790-6021,
경기,전시,2025-06-12,2025-07-12,목,토,10,18,과천과학관 특별전,최신 과학 기술을 체험할 수 있는 특별 전시,국립과천과학관,전 연령,국립과천과학관,02-3677-1500,
경기,축제,2025-06-15,2025-06-22,일,일,9,18,군포 철쭉축제,수리산 일대 철쭉을 감상하는 축제,군포 수리산,전 연령,군포시,031-390-0214,
경기,공연,2025-06-20,2025-06-20,금,,19,21,구리 한강 별빛콘서트,한강변에서 펼쳐지는 야외 음악회,구리 한강시민공원,전 연령,구리시,031-550-2714,
경기,축제,2025-06-22,2025-06-29,일,일,10,18,연천 DMZ 국제음악제,DMZ 평화를 주제로 한 국제 음악 페스티벌,연천 전곡읍 일원,전 연령,연천군,031-839-2061,
경기,전시,2025-06-25,2025-07-25,수,금,10,18,화성시 공룡알화석지 특별전,공룡알화석지를 소개하는 특별 전시,화성시 공룡알화석지,전 연령,화성시,031-369-2114,
경기,공연,2025-06-28,2025-06-28,토,,15,17,안성 남사당 바우덕이 축제,전통 남사당 공연과 체험 프로그램,안성 남사당 공연장,전 연령,안성시,031-678-2514,
경기,축제,2025-07-01,2025-07-10,화,목,10,20,여주 세종대왕 문화제,세종대왕의 업적을 기리는 문화 축제,여주 세종대왕릉,전 연령,여주시,031-887-2114,
경기,공연,2025-07-05,2025-07-05,토,,19,21,가평 자라섬 재즈페스티벌,국내외 유명 재즈 뮤지션들의 공연,가평 자라섬,전 연령,가평군,031-580-2214,
경기,축제,2025-07-08,2025-07-14,화,월,10,18,동두천 락 페스티벌,국내외 록 밴드들의 공연 축제,동두천 락 페스티벌 공원,청소년 이상,동두천시,031-860-2114,
전국,축제,2025-04-20,2025-05-05,일,월,9,18,진주 유등축제,진주성과 남강 일대를 형형색색 유등으로 장식하는 축제,경남 진주시 진주성 일원,전 연령,진주시,055-749-2114,
전국,축제,2025-04-28,2025-05-10,월,토,10,20,보령 머드축제,세계적으로 유명한 보령 머드를 활용한 다양한 체험 행사,충남 보령시 대천해수욕장,전 연령,보령시,041-930-3822,
전국,축제,2025-05-05,2025-05-10,월,토,9,18,강진 청자축제,전통 청자 체험과 문화 행사가 어우러진 축제,전남 강진군 청자촌,전 연령,강진군,061-430-3323,
전국,공연,2025-05-15,2025-05-22,목,목,14,22,전주 국제영화제,국내외 독립영화와 예술영화를 상영하는 영화 축제,전북 전주시 영화의거리 일원,전 연령,전주국제영화제조직위원회,063-288-5433,
전국,축제,2025-05-24,2025-05-31,토,토,10,18,춘천 마임축제,국내외 마임 아티스트들의 공연,강원 춘천시 명동길 일원,전 연령,춘천마임축제 추진위원회,033-242-0585,
전국,전시,2025-06-01,2025-06-30,일,월,10,18,부산 국제아트페어,국내외 갤러리와 작가들의 미술 작품 전시 및 판매,부산 벡스코,전 연령,부산문화재단,051-501-1277,
전국,축제,2025-06-10,2025-06-17,화,화,10,21,울산 장미축제,100여 종의 장미를 감상할 수 있는 축제,울산 울주군 태화강 둔치,전 연령,울산광역시,052-229-3140,
전국,공연,2025-06-20,2025-06-30,금,월,19,22,대구 국제뮤지컬페스티벌,국내외 유명 뮤지컬 작품을 상연하는 축제,대구 여러 공연장,전 연령,대구시,053-622-1945,
전국,축제,2025-07-01,2025-07-10,화,목,10,18,제주 해녀 축제,제주 해녀 문화를 체험하고 알아보는 축제,제주 해녀박물관 일원,전 연령,제주특별자치도,064-710-2114,
전국,축제,2025-07-12,2025-07-20,토,일,9,18,강릉 단오제,유네스코 인류무형문화유산으로 등재된 전통 축제,강원 강릉 남대천 일원,전 연령,강릉단오제위원회,033-641-1593,
인천,축제,2025-04-15,2025-04-30,화,화,10,18,인천 봄꽃 축제,시민들과 함께하는 봄꽃 축제 및 체험 프로그램,인천대공원,전 연령,인천광역시,032-440-5000,
인천,공연,2025-05-05,2025-05-07,월,수,19,21,인천 오페라 페스티벌,국내외 유명 오페라 공연과 갈라 콘서트,인천문화예술회관,전 연령,인천광역시 문화재단,032-760-1000,
인천,축제,2025-06-01,2025-06-10,일,화,10,19,인천 세계문화축제,세계 각국의 문화 체험과 공연,송도 센트럴파크,전 연령,인천관광공사,032-899-7300,
경기,축제,2025-04-19,2025-04-27,토,일,10:00,22:00,군포철쭉축제,"철쭉동산, 초막골공원, 차 없는 거리에서 열리는 수도권 대표 봄꽃 축제. 국악 공연, 지역 아티스트 무대, 전통공예 체험 등 다양한 프로그램 운영.","군포 철쭉동산, 초막골공원, 차 없는 거리","시민, 가족",군포시,031-390-0661,
경기,축제,2025-04-20,,일,,,10:00,18:00,에덴벚꽃길 벚꽃축제,"가평 에덴벚꽃길에서 열리는 벚꽃길 걷기, 버스킹, 플리마켓, 농특산물 장터 등 다양한 체험 행사.",가평 에덴벚꽃길,"시민, 가족",가평군,
경기,축제,2025-04-20,2025-04-27,일,일,10:00,18:00,경기도 문화사계 봄꽃축제,"경기도 옛 도청 일원에서 열리는 봄꽃축제. 벚꽃길 산책, 공연, 체험, 플리마켓 등 다양한 프로그램.",경기도 옛 도청 일원,"시민, 가족",경기도,031-8008-4724,
경기,축제,2025-04-25,2025-05-05,금,월,10:00,22:00,이천도자기축제,"이천 설봉공원에서 열리는 도자기 전시, 체험, 판매, 공연 등 도자문화 축제.",이천 설봉공원,"시민, 가족",이천시,031-644-2942,
경기,축제,2025-04-26,2025-05-11,토,일,10:00,21:00,여주도자기축제,"여주 신륵사관광지 일원에서 열리는 도자기 전시, 체험, 판매, 공연 등 도자문화 축제.",여주 신륵사관광지,"시민, 가족",여주시,031-887-2862,
경기,축제,2025-04-27,,일,,,10:00,18:00,고양행주문화제,"고양 행주산성에서 열리는 행주대첩 승전 기념 역사문화축제. 공연, 전시, 체험, 퍼레이드 등.",고양 행주산성,"시민, 가족",고양시,
경기,축제,2025-04-27,,일,,,10:00,18:00,양평벚꽃축제,"양평 양근천 일원에서 열리는 벚꽃길 걷기, 공연, 플리마켓 등 봄꽃축제.",양평 양근천 일원,"시민, 가족",양평군,
경기,축제,2025-04-27,,일,,,10:00,18:00,안성남사당바우덕이축제,"안성 남사당공연장에서 열리는 전통공연, 체험, 먹거리 등 전통문화축제.",안성 남사당공연장,"시민, 가족",안성시,
경기,축제,2025-04-27,,일,,,10:00,18:00,수원화성문화제,"수원화성 일원에서 열리는 전통문화, 공연, 체험, 퍼레이드 등 다양한 프로그램.",수원화성 일원,"시민, 가족",수원시,
경기,축제,2025-04-27,,일,,,10:00,18:00,부천국제만화축제,"부천 한국만화박물관 일원에서 열리는 만화 전시, 체험, 공연 등 만화문화축제.",부천 한국만화박물관,"시민, 가족",부천시,
경기,축제,2025-05-01,2025-05-05,목,월,10:00,22:00,자라섬 봄꽃축제,"가평 자라섬에서 열리는 양귀비, 유채, 하늘바라기 등 봄꽃정원, 공연, 체험, 플리마켓 등.",가평 자라섬,"시민, 가족",가평군,031-580-2061,
경기,축제,2025-05-03,2025-05-05,토,월,10:00,18:00,파주출판도시 어린이책잔치,"파주출판도시 일원에서 열리는 어린이책 체험, 공연, 전시, 플리마켓 등.",파주출판도시,"어린이, 가족",파주시,031-940-5281,
경기,축제,2025-05-03,2025-05-05,토,월,10:00,18:00,의정부음악극축제,"의정부예술의전당 일원에서 열리는 음악극 공연, 체험, 전시 등.",의정부예술의전당,"시민, 가족",의정부시,031-828-5841,
경기,축제,2025-05-03,2025-05-05,토,월,10:00,18:00,안산국제거리극축제,"안산문화광장 일원에서 열리는 거리극, 퍼포먼스, 체험 등.",안산문화광장,"시민, 가족",안산시,031-481-0530,
경기,축제,2025-05-04,,일,,,10:00,18:00,포천백운계곡동장군축제,"포천 백운계곡 일원에서 열리는 송어잡기, 체험, 공연 등 겨울축제.",포천 백운계곡,"시민, 가족",포천시,
경기,축제,2025-05-05,,월,,,10:00,18:00,성남어린이날큰잔치,"성남 중앙공원에서 열리는 어린이날 기념 공연, 체험, 전시 등.",성남 중앙공원,"어린이, 가족",성남시,
경기,축제,2025-05-10,2025-05-12,토,월,10:00,18:00,양평딸기축제,"양평 딸기체험농원 일원에서 열리는 딸기수확, 체험, 공연 등.",양평 딸기체험농원,"시민, 가족",양평군,031-770-2061,
경기,축제,2025-05-10,2025-05-12,토,월,10:00,18:00,시흥패밀리빙어축제,"시흥 갯골생태공원 일원에서 열리는 빙어잡기, 체험, 공연 등.",시흥 갯골생태공원,"시민, 가족",시흥시,031-310-2902,
경기,축제,2025-05-11,,일,,,10:00,18:00,광명동굴빛축제,"광명동굴에서 열리는 빛 예술 전시, 공연, 체험 등.",광명동굴,"시민, 가족",광명시,
경기,축제,2025-05-11,,일,,,10:00,18:00,오산물향기축제,"오산 물향기수목원에서 열리는 꽃 전시, 체험, 공연 등.",오산 물향기수목원,"시민, 가족",오산시,
경기,축제,2025-05-15,2025-05-18,목,일,10:00,18:00,평택국제평화예술제,"평택호예술관 일원에서 열리는 예술 공연, 전시, 체험 등.",평택호예술관,"시민, 가족",평택시,031-8024-5445,
경기,축제,2025-05-17,2025-05-19,토,월,10:00,18:00,김포아라마린페스티벌,"김포 아라뱃길 일원에서 열리는 수상레저, 공연, 체험 등.",김포 아라뱃길,"시민, 가족",김포시,031-980-2114,
경기,축제,2025-05-18,,일,,,10:00,18:00,하남유니온파크축제,"하남 유니온파크에서 열리는 공연, 체험, 플리마켓 등.",하남 유니온파크,"시민, 가족",하남시,
경기,축제,2025-05-18,,일,,,10:00,18:00,광주남한산성문화제,"광주 남한산성 일원에서 열리는 전통문화, 공연, 체험 등.",광주 남한산성,"시민, 가족",광주시,
경기,축제,2025-05-24,2025-05-26,토,월,10:00,18:00,동두천락페스티벌,"동두천 시민회관 일원에서 열리는 락 공연, 체험, 플리마켓 등.",동두천 시민회관,"시민, 청년",동두천시,031-860-2114,
경기,축제,2025-05-25,,일,,,10:00,18:00,연천구석기축제,"연천 전곡리유적 일원에서 열리는 구석기 체험, 공연, 전시 등.",연천 전곡리유적,"시민, 가족",연천군,
경기,축제,2025-05-25,,일,,,10:00,18:00,과천벚꽃축제,"과천 서울대공원 일원에서 열리는 벚꽃길 걷기, 공연, 체험 등.",과천 서울대공원,"시민, 가족",과천시,
경기,축제,2025-05-31,2025-06-02,토,월,10:00,18:00,안양예술제,"안양예술공원 일원에서 열리는 예술 공연, 전시, 체험 등.",안양예술공원,"시민, 가족",안양시,031-8045-2114,
경기,축제,2025-06-01,2025-06-03,일,화,10:00,18:00,의왕왕송호수축제,"의왕 왕송호수 일원에서 열리는 수상레저, 공연, 체험 등.",의왕 왕송호수,"시민, 가족",의왕시,031-345-2114,
경기,축제,2025-06-01,2025-06-03,일,화,10:00,18:00,양주회암사지문화축제,"양주 회암사지 일원에서 열리는 전통문화, 공연, 체험 등.",양주 회암사지,"시민, 가족",양주시,031-8082-2114,
경기,축제,2025-06-07,2025-06-09,토,월,10:00,18:00,구리한강유채꽃축제,"구리 한강시민공원에서 열리는 유채꽃길 걷기, 공연, 체험 등.",구리 한강시민공원,"시민, 가족",구리시,031-550-2114,
경기,축제,2025-06-07,2025-06-09,토,월,10:00,18:00,오산물향기수목원축제,"오산 물향기수목원에서 열리는 꽃 전시, 체험, 공연 등.",오산 물향기수목원,"시민, 가족",오산시,031-8036-6450,
경기,축제,2025-06-08,,일,,,10:00,18:00,평택호수축제,"평택호 일원에서 열리는 수상레저, 공연, 체험 등.",평택호,"시민, 가족",평택시,
경기,축제,2025-06-08,,일,,,10:00,18:00,시흥갯골생태공원축제,"시흥 갯골생태공원에서 열리는 생태체험, 공연, 플리마켓 등.",시흥 갯골생태공원,"시민, 가족",시흥시,
경기,축제,2025-06-14,2025-06-16,토,월,10:00,18:00,고양국제꽃박람회,"고양 일산호수공원에서 열리는 꽃 전시, 체험, 공연 등.",고양 일산호수공원,"시민, 가족",고양시,031-8075-3406,
경기,축제,2025-06-14,2025-06-16,토,월,10:00,18:00,남양주다산문화제,"남양주 다산유적지 일원에서 열리는 전통문화, 공연, 체험 등.",남양주 다산유적지,"시민, 가족",남양주시,031-590-2114,
경기,축제,2025-06-15,,일,,,10:00,18:00,광명음악축제,"광명시민회관 일원에서 열리는 음악 공연, 체험, 플리마켓 등.",광명시민회관,"시민, 가족",광명시,
경기,축제,2025-06-15,,일,,,10:00,18:00,성남국제청소년예술제,"성남아트센터 일원에서 열리는 청소년 예술 공연, 체험 등.",성남아트센터,"청소년, 가족",성남시,
경기,축제,2025-06-21,2025-06-23,토,월,10:00,18:00,부천국제판타스틱영화제,"부천시청, 부천시 일원에서 열리는 영화 상영, 체험, 공연 등.","부천시청, 부천시 일원","시민, 가족",부천시,032-320-3070,
경기,축제,2025-06-21,2025-06-23,토,월,10:00,18:00,용인와우정사연꽃축제,"용인 와우정사에서 열리는 연꽃 전시, 체험, 공연 등.",용인 와우정사,"시민, 가족",용인시,031-324-2114,
경기,축제,2025-06-22,,일,,,10:00,18:00,화성행궁문화제,"화성행궁 일원에서 열리는 전통문화, 공연, 체험 등.",화성행궁 일원,"시민, 가족",화성시,
경기,축제,2025-06-22,,일,,,10:00,18:00,포천아트밸리축제,"포천 아트밸리에서 열리는 예술 공연, 체험, 전시 등.",포천 아트밸리,"시민, 가족",포천시,
경기,축제,2025-04-19,2025-04-20,토,일,10,18,봄꽃포레 숲숲라이브,경기상상캠퍼스에서 열리는 재즈 공연과 봄꽃 감상 행사,경기상상캠퍼스,전체,경기도청,031-120,
경기,공연,2025-04-25,,금,,19,21,고양시 봄 콘서트,봄을 맞아 열리는 감성적인 공연,고양아람누리,성인,고양시청,031-930-6114,
경기,행사,2025-04-26,,토,,13,17,수원 어린이날 행사,어린이날 기념 놀이 및 체험 프로그램,수원화성 행궁,어린이,수원시청,031-228-2114,
경기,축제,2025-04-25,2025-05-04,금,일,10,20,고양국제꽃박람회,"꽃 전시와 공연, 체험 부스 운영",일산호수공원,전체,고양시청,031-930-6114,
경기,공연,2025-05-01,,목,,18,20,성남시 뮤지컬 공연,지역 주민을 위한 뮤지컬 상연,성남아트센터,전체,성남시청,031-729-2114,
경기,축제,2025-05-03,2025-05-05,토,월,10,18,용인 어린이 축제,어린이날 맞이 가족 단위 행사,용인시민체육공원,가족,용인시청,031-324-2114,
경기,행사,2025-05-05,,월,,11,15,안양 어린이날 기념행사,어린이를 위한 놀이와 공연,안양종합운동장,어린이,안양시청,031-8045-6114,
경기,공연,2025-05-09,,금,,19,21,부천 재즈 콘서트,봄밤을 수놓는 재즈 공연,부천시민회관,성인,부천시청,032-625-3114,
경기,축제,2025-05-10,2025-05-11,토,일,12,20,의정부 거리예술축제,거리 공연과 예술 체험,의정부역 광장,전체,의정부시청,031-828-2114,
경기,행사,2025-05-15,,목,,14,18,평택 환경의 날 행사,환경 보호 캠페인 및 체험,평택시청 앞 광장,전체,평택시청,031-8024-2114,
경기,공연,2025-05-17,,토,,15,17,김포 클래식 공연,지역 주민을 위한 무료 공연,김포아트홀,전체,김포시청,031-980-2114,
경기,축제,2025-05-18,2025-05-19,일,월,10,18,가평 벚꽃마켓 페스티벌,벚꽃과 함께하는 마켓 및 공연,가평 에덴벚꽃길,가족,가평군청,031-580-2114,
경기,행사,2025-05-20,,화,,13,16,안산 건강박람회,건강 체크 및 상담 프로그램,안산문화예술의전당,성인,안산시청,031-481-2114,
경기,공연,2025-05-23,,금,,19,22,화성 연극 공연,지역 예술단체의 연극 상연,화성아트홀,성인,화성시청,031-369-2114,
경기,축제,2025-05-24,2025-05-25,토,일,11,19,파주 봄꽃마당 축제,꽃 전시와 공연,임진각 평화누리,전체,파주시청,031-940-2114,
경기,행사,2025-05-27,,화,,10,14,광명 평생학습 박람회,교육 프로그램 소개 및 체험,광명시민회관,전체,광명시청,02-2680-6114,
경기,공연,2025-05-30,,금,,18,20,시흥 합창단 공연,지역 합창단의 정기 공연,시흥ABC행복학습타운,전체,시흥시청,031-310-2114,
경기,축제,2025-06-01,2025-06-02,일,월,10,18,하남 문화예술제,지역 예술가 공연 및 전시,하남문화예술회관,전체,하남시청,031-790-2114,
경기,공연,2025-06-06,,금,,19,21,군포 오페라 공연,클래식 오페라 상연,군포문화예술회관,성인,군포시청,031-390-2114,
경기,행사,2025-06-07,,토,,14,18,이천 환경 캠페인,환경 보호 활동 및 교육,이천시민공원,가족,이천시청,031-644-2114,
경기,축제,2025-06-08,2025-06-09,일,월,12,20,오산 문화예술제,지역 예술가 공연 및 전시,오산문화스포츠센터,전체,오산시청,031-8036-6114,
경기,공연,2025-06-13,,금,,19,21,양주 전통음악 공연,국악 공연,양주문화예술회관,전체,양주시청,031-8082-2114,
경기,행사,2025-06-14,,토,,10,15,포천 가족운동회,가족 단위 체육 행사,포천종합운동장,가족,포천시청,031-538-2114,
경기,축제,2025-06-15,2025-06-16,일,월,11,19,연천 역사문화축제,역사 재현 및 체험,연천 전곡리 유적지,전체,연천군청,031-839-2114,
경기,공연,2025-06-19,,목,,18,20,과천 재즈페스티벌,재즈 아티스트 공연,과천시민회관,성인,과천시청,02-507-2114,
경기,축제,2025-06-20,2025-06-22,금,일,14,22,수원화성 문화제,수원화성의 역사와 문화를 알리는 축제,수원화성,전체,수원시청,031-228-2114,
경기,행사,2025-06-21,,토,,13,17,구리 독서문화 행사,도서 전시 및 강연,구리시립도서관,전체,구리시청,031-550-2114,
경기,공연,2025-06-24,,화,,19,21,남양주 댄스 공연,지역 댄스팀 공연,남양주체육문화센터,청소년,남양주시청,031-590-2114,
경기,축제,2025-06-25,2025-06-26,수,목,10,18,안성 여름맞이 축제,여름 테마 공연 및 체험,안성맞춤랜드,가족,안성시청,031-678-2114,
경기,행사,2025-06-27,,금,,14,18,의왕 청소년 진로박람회,진로 탐색 프로그램,의왕시청 대강당,청소년,의왕시청,031-345-2114,
경기,공연,2025-04-20,,일,,15,17,동두천 전통무용 공연,전통 춤 공연,동두천시민회관,전체,동두천시청,031-860-2114,
경기,축제,2025-04-27,2025-04-28,일,월,11,19,여주 봄나들이 축제,봄맞이 야외 행사,여주 세종대왕릉,가족,여주시청,031-887-2114,
경기,행사,2025-05-02,,금,,10,14,광주 안전교육 행사,안전 체험 및 교육,광주시청 광장,전체,광주시청,031-760-2114,
경기,공연,2025-05-08,,목,,18,20,고양 합창 공연,합창단 정기 공연,고양어울림누리,전체,고양시청,031-930-6114,
경기,축제,2025-05-12,2025-05-13,월,화,12,20,부천 판타스틱 영화제,단편 영화 상영 및 체험,부천시청 앞 광장,전체,부천시청,032-625-3114,
경기,행사,2025-05-14,,수,,9,13,성남 직업체험 행사,청소년 대상 직업 탐색,성남시청,청소년,성남시청,031-729-2114,
경기,축제,2025-05-16,2025-05-17,금,토,11,19,용인 에버랜드 봄축제,봄맞이 테마파크 행사,에버랜드,가족,용인시청,,
경기,공연,2025-05-22,,목,,19,21,수원 교향악단 공연,클래식 음악 공연,수원SK아트리움,성인,수원시청,031-228-2114,
경기,행사,2025-06-03,,화,,10,16,안양 시민의 날 행사,시민 참여 행사,안양시청 앞 광장,전체,안양시청,031-8045-6114,
경기,축제,2025-06-28,2025-06-29,토,일,10,18,화성 뱃놀이 축제,전통 뱃놀이와 공연,화성 제부도,전체,화성시청,031-369-2114,
서울,공연,2025-04-19,2025-05-25,토,일,,,,한강불빛공연 드론 라이트쇼,"한강의 봄밤을 화려하게 수놓는 드론 라이트쇼. 어쿠스틱, 재즈 등 문화예술 공연도 함께 진행",뚝섬한강공원,,,02-120
서울,축제,2025-04-30,2025-05-06,수,화,,,,서울스프링페스타,"공연, 패션, 뷰티, 푸드 등 매력적인 문화를 총망라한 콘텐츠","광화문광장, 서울광장 등 도심 곳곳",전 세계 관광객,,
서울,공연,2025-04-30,,,수,,,,,서울원더쇼,,광화문광장,,
서울,공연,2025-05-01,2025-05-03,목,토,,,,시그니처쇼,서울도서관이 신비로운 미디어 공연장으로 바뀜,서울도서관,,,
서울,행사,2025-05-04,,,토,,,,,서울로드쇼,광화문대로~청와대를 걸으며 미니 공연을 즐김,광화문대로~청와대,,
서울,관광,,,,,서울도보해설관광,"경복궁, 북촌, 청계천, 남산 성곽 등 주요 명소 포함 50개 코스. 한국어, 영어, 일본어, 중국어, 베트남어, 수화 해설 등 다국어 서비스","경복궁, 북촌, 청계천, 남산 성곽 등",,,02-120,,,
서울,축제,2025-04-08,2025-04-12,화,토,,,여의도 벚꽃축제,,여의도 일대,전체,,,
서울,공연,2025-04-19,2025-05-25,토,일,,,한강불빛공연 드론 라이트쇼,"드론 라이트쇼뿐 아니라 어쿠스틱, 재즈 등 문화예술 공연도 함께 진행",뚝섬한강공원,전체,,,
서울,축제,2025-04-30,2025-05-06,수,화,,,서울스프링페스타,공연‧패션‧뷰티‧푸드 등 매력적인 문화를 총망라한 콘텐츠를 선보일 예정,"광화문광장, 서울광장 등 도심 곳곳",전체,,02-120,
서울,공연,2025-04-30,,수,,,,서울원더쇼,글로벌 케이팝 스타들이 총출동하는 공연,광화문광장,전체,,,
서울,공연,2025-05-01,2025-05-03,목,토,,,시그니처쇼,서울도서관이 신비로운 미디어 공연장으로 바뀌는 공연,서울도서관,전체,,,
서울,행사,2025-05-04,,일,,,,서울로드쇼,광화문대로~청와대를 걸으며 미니 공연을 즐기는 행사,광화문대로~청와대,전체,,,
